FECHA;CPI_US;IPI_US;VIX;GDP;M3_USA;TOTRES;NONBOR;FEDERAL_RATE;SHADOW_RATE;BANREP_RATE;ITCR;IPP;VAR_IPP_COL;IPC_COL;VAR_IPC_COL;IPI_COL;IC.bono;IC.neta;IED.neta;IMPORTACIONES;EXPORTACIONES;PIB;M3_COL;BRENT;CAFE;TC
1/01/98;68.349500;86.647400;21.470000;2949.819900;33.623800;47.500000;47.300000;5.480000;5.359900;0.270000;114.080000;43.927900;2.640000;31.770000;17.840000;106.310000;92341822.530000;-108202716.800000;-289442594.500000;390.230000;414.330000;36854079151390.000000;13.237500;15.090000;174.700000;1323.160000
1/02/98;68.349500;86.761200;18.550000;2954.075000;33.895600;45.200000;45.100000;5.570000;5.408300;0.300000;113.010000;45.155800;7.900000;32.810000;18.030000;116.980000;97901601.410000;-116877139.800000;-257949478.800000;410.230000;324.910000;36834424998092.000000;13.369300;14.060000;165.800000;1346.120000
1/03/98;68.349500;86.819800;24.220000;2962.585100;34.107500;45.600000;45.500000;5.880000;5.366700;0.300000;111.310000;45.837500;1.510000;33.670000;19.240000;122.840000;102805979.000000;-122509740.000000;-229356647.300000;484.730000;311.250000;36795116691495.000000;13.581900;13.080000;146.250000;1357.100000
1/04/98;68.433900;87.141100;21.180000;2975.350400;34.321900;46.600000;46.500000;5.590000;5.331400;0.300000;108.860000;46.111300;4.610000;34.650000;20.740000;116.850000;107054955.400000;-125100517.600000;-203664100.000000;428.950000;340.500000;36736154231601.000000;13.743800;13.390000;134.500000;1360.650000
1/05/98;68.602700;87.695200;21.320000;2989.453600;34.520500;45.000000;44.800000;5.630000;5.412000;0.320000;109.760000;46.828000;2.650000;35.190000;20.670000;119.160000;110648530.500000;-124649472.400000;-180871837.100000;395.130000;349.180000;36657537618408.000000;13.951300;14.390000;132.500000;1386.280000
1/06/98;68.687100;87.145000;19.710000;3004.895000;34.685100;45.100000;44.800000;7.060000;5.294200;0.320000;107.920000;47.045000;1.970000;35.620000;20.690000;113.580000;113586704.400000;-121156604.500000;-160979858.300000;470.810000;327.940000;36559266851917.000000;14.158200;12.060000;111.250000;1386.610000
1/07/98;68.855800;86.842300;24.800000;3021.674400;34.848800;44.600000;44.300000;5.630000;5.231600;0.320000;105.970000;47.648000;1.280000;35.790000;20.270000;116.010000;115869477.000000;-114621913.900000;-143988163.800000;353.380000;317.740000;36441341932128.000000;14.231700;12.040000;129.200000;1371.540000
1/08/98;68.940200;88.624700;44.280000;3039.887700;35.056500;44.700000;44.400000;5.890000;5.129900;0.320000;106.870000;48.006300;0.750000;35.800000;18.940000;109.760000;117496848.300000;-105045400.600000;-129896753.500000;355.530000;324.060000;36303762859041.000000;14.359900;11.880000;121.000000;1390.460000
1/09/98;68.982400;88.451500;40.950000;3059.534900;35.379800;44.200000;44.000000;6.140000;4.847700;0.320000;117.830000;48.468100;0.960000;35.900000;17.800000;112.610000;118468818.400000;-92427064.630000;-118705627.500000;316.910000;321.450000;36146529632656.000000;14.363900;13.360000;105.150000;1520.520000
1/10/98;69.151200;89.167700;28.050000;3080.615900;35.713000;44.100000;43.900000;5.350000;4.733600;0.320000;124.920000;49.157000;4.350000;36.030000;17.090000;117.440000;118785387.200000;-76766905.900000;-110414785.700000;392.490000;410.790000;35969642252972.000000;14.253700;12.560000;110.000000;1587.380000
1/11/98;69.235500;89.109800;26.010000;3098.922000;36.033800;44.100000;44.100000;5.110000;4.735300;0.280000;122.590000;49.395900;9.260000;36.100000;16.350000;114.180000;118446554.800000;-58064924.460000;-105024228.200000;349.750000;347.830000;35773100719990.000000;14.226300;10.920000;112.300000;1562.710000
1/12/98;69.362100;89.440700;24.420000;3114.453200;36.274000;45.200000;45.100000;4.070000;4.693100;0.260000;119.390000;49.608600;0.430000;36.420000;16.700000;100.520000;117452321.100000;-36321120.320000;-102533954.900000;373.370000;373.290000;35556905033710.000000;14.210300;9.800000;117.750000;1524.560000
1/01/99;69.488700;89.859400;26.250000;3127.209500;36.501700;46.800000;46.500000;4.790000;4.758700;0.260000;119.380000;50.412600;6.370000;37.230000;17.180000;88.200000;115802686.200000;-11535493.450000;-102943965.800000;297.540000;382.330000;35321055194132.000000;14.322300;10.950000;103.900000;1570.010000
1/02/99;69.488700;90.338600;27.880000;3139.307400;36.691100;45.500000;45.400000;4.840000;4.847000;0.240000;115.480000;51.260400;1.690000;37.860000;15.380000;94.450000;113991665.500000;10199029.010000;-103808462.100000;294.880000;373.780000;35120119295744.000000;14.563100;10.200000;102.700000;1567.070000
1/03/99;69.530900;90.481900;23.260000;3150.747100;36.747600;43.200000;43.200000;4.980000;4.729000;0.200000;111.720000;51.607000;1.480000;38.220000;13.510000;96.660000;112019259.000000;28882447.080000;-105127443.600000;344.240000;445.470000;34954097338546.000000;14.654100;12.120000;109.700000;1550.150000
1/04/99;69.995000;90.727400;25.070000;3161.528400;36.985300;43.600000;43.400000;5.030000;4.744100;0.190000;114.350000;51.617200;7.200000;38.520000;11.170000;92.450000;109885466.800000;44514760.750000;-106900910.400000;343.700000;402.690000;34822989322538.000000;14.714300;15.160000;103.800000;1574.670000
1/05/99;70.037200;91.352000;25.390000;3174.115400;37.187300;44.800000;44.700000;4.610000;4.741700;0.180000;118.700000;51.821200;8.240000;38.700000;9.980000;94.890000;107590288.800000;57095970.030000;-109128862.400000;305.430000;468.430000;34726795247721.000000;14.798300;15.220000;121.600000;1641.330000
1/06/99;70.037200;91.199400;21.090000;3188.508200;37.368400;42.300000;42.200000;5.120000;4.926400;0.180000;120.770000;52.030000;4.490000;38.810000;8.960000;96.920000;105133725.100000;66626074.910000;-111811299.800000;502.120000;353.870000;34665515114093.000000;14.833200;15.600000;101.400000;1693.990000
1/07/99;70.332500;91.776600;24.640000;3204.706600;37.594500;41.600000;41.300000;5.070000;4.934900;0.170000;129.440000;52.980000;2.790000;38.930000;8.780000;96.060000;102515775.500000;73105075.390000;-114948222.400000;281.550000;505.540000;34639148921656.000000;14.843500;18.710000;91.100000;1818.630000
1/08/99;70.501300;92.162900;24.450000;3225.690200;37.738200;41.700000;41.400000;5.570000;5.185100;0.160000;134.440000;53.800000;1.880000;39.120000;9.280000;100.120000;99736440.250000;76532971.480000;-118539630.400000;262.470000;556.790000;34647696670408.000000;14.910900;20.170000;86.250000;1876.930000
1/09/99;70.796600;91.774000;25.410000;3251.459200;37.871200;41.300000;41.000000;5.510000;5.172700;0.160000;141.390000;54.870000;1.990000;39.250000;9.330000;103.140000;96795719.200000;76909763.170000;-122585523.600000;312.790000;560.660000;34691158360351.000000;14.993100;22.110000;82.450000;1975.640000
1/10/99;70.923200;92.997900;22.200000;3282.013400;38.068100;40.700000;40.400000;5.270000;5.314900;0.150000;140.510000;55.430000;1.440000;39.390000;9.320000;104.820000;93693612.380000;74235450.460000;-127085902.100000;349.030000;581.920000;34769533991484.000000;15.023000;22.120000;100.200000;1978.710000
1/11/99;71.049800;93.437100;24.180000;3302.986400;38.226000;41.000000;40.700000;5.630000;5.589200;0.130000;136.920000;55.830000;1.890000;39.580000;9.650000;108.970000;90430119.800000;68510033.350000;-132040765.800000;317.800000;552.020000;34882823563807.000000;15.070700;24.550000;130.350000;1944.640000
1/12/99;71.218500;94.159300;24.640000;3314.378200;38.454600;41.700000;41.300000;3.990000;5.826400;0.120000;132.510000;55.890000;2.600000;39.790000;9.230000;105.290000;87005241.450000;59733511.850000;-137450114.900000;365.240000;633.980000;35031027077320.000000;15.123500;25.480000;125.900000;1888.460000
1/01/00;71.429500;94.175800;24.950000;3316.188700;38.689700;44.200000;43.900000;5.870000;5.851800;0.120000;133.150000;56.650000;2.590000;40.300000;8.250000;91.200000;83418977.330000;47905885.960000;-143313949.200000;277.570000;509.920000;35214144532023.000000;15.292600;25.220000;111.100000;1923.570000
1/02/00;71.724800;94.455700;23.370000;3330.214100;38.800300;42.100000;42.000000;5.850000;5.849700;0.120000;132.120000;57.380000;4.110000;41.230000;8.890000;99.710000;81538981.420000;36186951.630000;-149192933.700000;290.350000;531.290000;35382752718051.000000;15.209700;27.630000;99.900000;1950.640000
1/03/00;72.146700;94.798000;24.110000;3356.454200;39.056200;39.700000;39.600000;6.170000;6.063000;0.120000;131.240000;57.830000;3.520000;41.930000;9.730000;106.730000;81365253.690000;24576708.870000;-155087068.300000;365.570000;530.980000;35536851635403.000000;15.038500;27.470000;103.700000;1956.250000
1/04/00;72.104500;95.480800;26.200000;3394.909200;39.519900;40.600000;40.300000;6.060000;6.162800;0.120000;132.090000;58.780000;1.690000;42.350000;9.960000;96.990000;82897794.160000;13075157.670000;-160996353.000000;290.120000;446.760000;35676441284080.000000;15.095200;22.540000;95.300000;1986.770000
1/05/00;72.231100;95.643500;23.650000;3420.260800;39.416000;41.600000;41.200000;6.830000;6.623000;0.120000;134.840000;59.530000;6.330000;42.570000;10.000000;107.010000;86136602.820000;1682298.048000;-166920787.900000;364.840000;577.760000;35801521664081.000000;15.135500;27.400000;93.000000;2055.690000
1/06/00;72.653000;95.735300;19.540000;3432.509000;39.564000;39.400000;38.900000;6.860000;6.460700;0.120000;140.790000;60.310000;4.690000;42.560000;9.680000;108.660000;91081679.680000;-9601870.008000;-172860372.900000;348.270000;581.640000;35912092775407.000000;15.146600;29.680000;84.850000;2120.170000
1/07/00;72.864000;95.590600;20.740000;3431.653800;39.709400;39.900000;39.300000;6.640000;6.408200;0.120000;143.860000;60.930000;6.500000;42.550000;9.290000;109.600000;97733024.730000;-20777346.500000;-178815108.100000;287.930000;556.640000;36008154618057.000000;15.244100;28.510000;86.450000;2161.340000
1/08/00;72.864000;95.311200;16.840000;3437.655900;39.943700;39.500000;38.900000;6.650000;6.389200;0.120000;144.520000;61.360000;0.710000;42.680000;9.100000;116.390000;106090638.000000;-31844131.420000;-184784993.400000;344.420000;626.190000;36089707192032.000000;15.308300;29.890000;74.500000;2187.380000
1/09/00;73.243700;95.679000;20.570000;3450.515200;40.239600;39.200000;38.700000;6.600000;6.520600;0.120000;145.600000;61.720000;5.350000;42.860000;9.200000;113.720000;116154519.400000;-42802224.770000;-190770028.800000;324.170000;555.880000;36156750497331.000000;15.353000;32.620000;83.000000;2213.760000
1/10/00;73.370300;95.397000;23.630000;3470.231800;40.372600;38.800000;38.300000;6.590000;6.646800;0.120000;142.820000;61.890000;0.280000;42.930000;8.990000;116.000000;127924669.000000;-53651626.550000;-196770214.300000;323.810000;494.800000;36209284533955.000000;15.532200;30.930000;74.400000;2176.610000
1/11/00;73.496800;95.422900;29.650000;3482.243300;40.462300;38.700000;38.400000;6.620000;6.435700;0.120000;139.620000;62.040000;0.240000;43.070000;8.820000;121.930000;141401086.900000;-64392336.770000;-202785550.000000;347.010000;601.140000;36247309301903.000000;15.714400;32.520000;67.200000;2136.630000
1/12/00;73.665600;95.157300;26.850000;3486.549900;40.833800;38.400000;38.200000;5.410000;5.989000;0.120000;143.140000;62.560000;0.840000;43.270000;8.750000;108.600000;156583772.900000;-75024355.410000;-208816035.900000;338.580000;619.140000;36270824801176.000000;15.750000;25.280000;65.550000;2186.210000
1/01/01;74.087500;94.544800;22.020000;3483.151400;41.254300;39.600000;39.500000;5.740000;5.042900;0.120000;146.580000;63.410000;6.830000;43.720000;8.490000;97.190000;173472727.100000;-85547682.490000;-214861671.800000;333.050000;440.910000;36279831031773.000000;15.786700;25.640000;63.750000;2241.400000
1/02/01;74.256300;93.939800;28.350000;3488.158000;41.572500;39.100000;39.100000;5.590000;4.762000;0.120000;144.020000;64.290000;3.250000;44.550000;8.060000;103.660000;186109934.100000;-93994979.190000;-219328535.500000;376.330000;418.030000;36295050206713.000000;15.968700;27.410000;63.900000;2243.420000
1/03/01;74.298500;93.720100;28.640000;3501.569600;42.052900;37.600000;37.500000;5.290000;4.295200;0.115000;143.610000;64.990000;1.170000;45.210000;7.810000;112.230000;194495393.900000;-100366245.500000;-222216626.900000;388.530000;434.540000;36316482325997.000000;16.058600;24.400000;60.300000;2278.780000
1/04/01;74.425000;93.446900;25.480000;3523.386200;42.584700;38.600000;38.500000;4.670000;3.828800;0.115000;144.770000;65.660000;4.610000;45.730000;7.980000;104.450000;198629106.500000;-104661481.400000;-223525946.000000;398.480000;458.810000;36344127389623.000000;16.062100;25.550000;61.850000;2323.100000
1/05/01;74.804800;92.876000;22.640000;3535.756200;42.557300;39.400000;39.200000;4.240000;3.227600;0.115000;145.710000;66.080000;4.830000;45.920000;7.870000;111.670000;198511071.800000;-106880687.000000;-223256492.800000;393.240000;462.930000;36377985397592.000000;16.139200;28.450000;57.150000;2346.930000
1/06/01;74.973500;92.320800;19.060000;3538.679600;42.891400;38.100000;37.900000;3.950000;3.272200;0.115000;142.610000;66.320000;0.360000;45.940000;7.930000;106.160000;194141290.000000;-107023862.100000;-221408267.300000;370.340000;432.030000;36418056349905.000000;16.267100;27.720000;56.100000;2305.660000
1/07/01;74.847000;91.793300;21.620000;3532.156300;43.140700;39.300000;39.000000;3.820000;3.045700;0.110000;141.940000;66.510000;0.290000;45.990000;8.090000;110.670000;185519760.900000;-105091006.900000;-217981269.600000;365.070000;436.020000;36464340246560.000000;16.374600;24.540000;51.950000;2304.280000
1/08/01;74.847000;91.679500;24.920000;3530.481800;43.422400;39.700000;39.500000;3.660000;2.832900;0.100000;141.730000;66.740000;0.790000;46.110000;8.030000;111.520000;172646484.600000;-101082121.300000;-212975499.500000;376.020000;515.640000;36516837087559.000000;16.515000;25.670000;50.500000;2288.900000
1/09/01;75.142300;91.328900;31.930000;3533.655900;44.345700;57.600000;54.200000;2.750000;2.173000;0.095000;144.130000;66.970000;0.340000;46.280000;7.970000;114.370000;155521461.100000;-94997205.320000;-206390957.200000;366.010000;467.610000;36575546872900.000000;16.652100;25.540000;48.300000;2328.230000
1/10/01;74.931300;90.931500;33.560000;3541.678700;44.250900;44.600000;44.500000;2.660000;1.574800;0.092500;142.850000;66.950000;-0.030000;46.370000;8.010000;116.280000;134144690.400000;-86836258.950000;-198227642.500000;356.930000;439.440000;36640469602585.000000;16.895400;20.480000;43.900000;2320.650000
1/11/01;74.889100;90.486000;23.840000;3552.498900;44.613200;40.100000;40.000000;2.060000;1.133200;0.087500;142.240000;66.820000;0.350000;46.420000;7.780000;117.040000;108516172.500000;-76599282.190000;-188485555.600000;375.330000;418.720000;36711605276612.000000;17.072900;18.940000;42.600000;2310.470000
1/12/01;74.847000;90.507300;23.800000;3566.116500;45.054500;41.100000;41.000000;1.520000;0.674700;0.085000;141.950000;66.950000;1.040000;46.580000;7.650000;107.180000;78635907.310000;-64286275.060000;-177164696.400000;343.450000;419.850000;36788953894983.000000;17.098100;18.600000;46.200000;2306.900000
1/01/02;74.973500;91.079400;21.090000;3582.531500;45.224000;43.700000;43.700000;1.850000;0.953400;0.080000;138.300000;67.060000;1.690000;46.950000;7.370000;98.588700;44503894.960000;-49897237.540000;-164265064.900000;293.500000;408.730000;36872515457696.000000;17.110000;19.480000;45.100000;2274.960000
1/02/02;75.100100;91.055300;21.590000;3596.974700;45.468400;42.500000;42.500000;1.830000;0.967100;0.080000;134.310000;67.290000;3.660000;47.540000;6.700000;104.183400;14007812.940000;-35595893.110000;-151914823.600000;275.270000;409.680000;36958540981447.000000;17.149400;20.290000;44.750000;2286.700000
1/03/02;75.311100;91.798000;17.400000;3609.445800;45.568100;40.300000;40.200000;1.740000;1.397100;0.072500;134.070000;67.520000;4.710000;47.870000;5.890000;101.181600;-12852338.750000;-21382241.770000;-140113972.500000;273.570000;372.180000;37047030466235.000000;17.277900;23.690000;57.200000;2282.330000
1/04/02;75.648600;92.177100;21.910000;3619.945000;45.568900;40.900000;40.900000;1.820000;0.932400;0.062500;133.610000;67.780000;2.150000;48.310000;5.650000;113.182700;-36076560.100000;-7256283.524000;-128862511.500000;366.660000;486.780000;37137983912060.000000;17.444000;25.650000;50.700000;2263.110000
1/05/02;75.733000;92.566800;19.980000;3630.912800;45.784100;40.300000;40.200000;1.790000;1.121600;0.057500;134.270000;68.000000;2.050000;48.600000;5.840000;111.904000;-55664851.110000;6781981.630000;-118160440.800000;356.430000;466.250000;37231401318923.000000;17.586900;25.430000;51.900000;2310.240000
1/06/02;75.775200;93.447600;25.400000;3642.349200;45.991100;38.600000;38.500000;1.730000;1.020400;0.052500;134.290000;68.430000;0.630000;48.810000;6.250000;104.054000;-71617211.790000;20732553.690000;-108007760.200000;304.290000;399.120000;37327282686823.000000;17.617000;24.130000;46.500000;2364.250000
1/07/02;75.943900;93.223700;32.030000;3654.254200;46.345100;39.400000;39.200000;1.760000;1.146500;0.052500;142.730000;69.190000;6.100000;48.820000;6.160000;112.276400;-83933642.130000;34595432.660000;-98404469.800000;330.960000;450.830000;37425628015760.000000;17.722800;25.770000;46.800000;2506.720000
1/08/02;76.154900;93.235900;32.640000;3664.552500;46.698300;39.800000;39.500000;1.810000;1.429800;0.052500;149.740000;70.050000;5.560000;48.870000;5.980000;111.258700;-92614142.130000;48370618.540000;-89350569.610000;358.000000;396.520000;37526437305734.000000;17.890000;26.630000;51.500000;2647.220000
1/09/02;76.281400;93.365400;39.690000;3673.244300;46.900200;38.900000;38.600000;1.850000;1.585100;0.052500;154.630000;71.170000;5.140000;49.040000;5.970000;113.223800;-97658711.800000;62058111.330000;-80846059.610000;320.640000;457.110000;37629710556745.000000;18.066300;28.340000;54.500000;2751.230000
1/10/02;76.450200;93.083400;31.140000;3680.329500;47.270800;38.700000;38.500000;1.820000;1.443600;0.052500;158.110000;72.170000;2.550000;49.320000;6.370000;117.660400;-99067351.140000;75657911.020000;-72890939.790000;356.950000;463.560000;37735447768794.000000;18.224300;27.550000;65.950000;2827.860000
1/11/02;76.576800;93.569300;27.500000;3689.719400;47.687200;39.200000;38.900000;1.230000;1.143400;0.052500;153.880000;72.200000;0.330000;49.700000;7.070000;114.426900;-96840060.140000;89170017.630000;-65485210.150000;358.650000;418.780000;37843648941880.000000;18.303200;24.500000;66.600000;2726.660000
1/12/02;76.703400;93.110300;28.620000;3701.414100;47.864200;40.300000;40.200000;1.160000;1.124600;0.052500;159.600000;72.730000;7.900000;49.830000;6.990000;110.284400;-90976838.800000;102594431.100000;-58628870.710000;328.580000;457.200000;37954314076003.000000;18.440700;28.520000;60.200000;2814.890000
1/01/03;77.040900;93.819800;31.170000;3715.413600;48.135100;42.900000;42.800000;1.330000;1.016600;0.062500;162.090000;73.740000;9.190000;50.420000;7.390000;100.487800;-81477687.130000;115931151.600000;-52321921.450000;349.510000;423.070000;38067443171163.000000;18.641500;31.230900;65.300000;2913.000000
1/02/03;77.462800;93.953200;29.630000;3728.230000;48.435900;41.900000;41.900000;1.330000;1.155700;0.062500;164.750000;74.690000;5.160000;50.980000;7.240000;105.340500;-71716485.680000;126064385.900000;-48012181.630000;294.910000;473.280000;38187547773544.000000;18.887700;32.648500;56.850000;2951.860000
1/03/03;77.589400;93.735800;29.150000;3739.863400;48.608800;40.600000;40.600000;1.380000;1.058900;0.062500;165.370000;75.370000;1.640000;51.510000;7.600000;111.586700;-61693234.460000;132994134.100000;-45699651.250000;318.820000;473.830000;38314627883146.000000;19.112700;30.339000;58.650000;2959.010000
1/04/03;77.294000;93.065700;21.210000;3750.313800;48.917900;41.200000;41.100000;1.310000;1.012900;0.072500;163.200000;75.780000;4.420000;52.100000;7.850000;106.328900;-51407933.470000;136720396.200000;-45384330.300000;327.810000;504.480000;38448683499969.000000;19.232700;25.108200;68.250000;2926.620000
1/05/03;77.167500;93.091800;19.470000;3768.409800;49.417400;41.800000;41.700000;1.280000;1.278600;0.072500;161.390000;76.020000;0.320000;52.360000;7.730000;111.723500;-40860582.710000;137243172.100000;-47066218.790000;337.590000;541.500000;38589714624013.000000;19.434100;25.750500;58.350000;2858.940000
1/06/03;77.251800;93.247600;19.520000;3794.151500;49.722300;42.000000;41.900000;1.450000;1.100400;0.072500;159.960000;76.000000;2.830000;52.330000;7.210000;102.292900;-30051182.170000;134562462.000000;-50745316.710000;300.540000;456.010000;38737721255277.000000;19.786000;27.545700;58.900000;2826.950000
1/07/03;77.505000;93.658200;19.490000;3827.538800;50.110400;43.600000;43.500000;1.040000;0.937300;0.072500;161.780000;76.200000;1.490000;52.260000;7.040000;117.164700;-18979731.850000;128678265.700000;-56421624.070000;360.620000;580.760000;38892703393763.000000;20.025300;28.398300;63.450000;2858.820000
1/08/03;77.842500;93.524600;18.630000;3857.063000;50.594100;46.100000;45.800000;1.010000;0.735200;0.072500;160.980000;76.570000;1.580000;52.420000;7.260000;108.962600;-7646231.769000;119590583.400000;-64095140.860000;329.990000;500.720000;39054661039469.000000;20.187400;29.825700;61.450000;2867.290000
1/09/03;78.095700;94.075100;22.720000;3882.724100;50.360600;44.400000;44.300000;1.170000;0.855600;0.072500;160.510000;76.650000;0.130000;52.530000;7.110000;119.664500;3949318.089000;107299414.900000;-73765867.100000;353.660000;494.580000;39223594192396.000000;20.323200;27.098200;62.900000;2840.080000
1/10/03;78.011300;94.207900;16.100000;3904.522100;50.284100;43.100000;43.000000;1.030000;0.833600;0.072500;164.400000;76.980000;5.070000;52.560000;6.580000;119.329000;15806917.720000;91804760.340000;-85433802.760000;360.100000;535.680000;39399502852544.000000;20.328600;29.590400;58.650000;2876.200000
1/11/03;78.053500;94.933800;16.320000;3923.898800;50.327300;42.600000;42.600000;1.010000;0.874200;0.072500;162.220000;77.280000;1.180000;52.750000;6.130000;119.713800;27926567.130000;73106619.650000;-99098947.870000;310.260000;496.100000;39582387019913.000000;20.382000;28.772000;57.750000;2844.550000
1/12/03;78.264400;94.866200;18.310000;3940.854100;50.311500;43.000000;42.900000;0.940000;0.740100;0.072500;160.500000;77.390000;1.110000;53.070000;6.490000;114.084800;40308266.300000;51204992.840000;-114761302.400000;383.250000;534.950000;39772246694502.000000;20.679400;29.831300;64.950000;2807.200000
1/01/04;78.602000;95.108500;16.630000;3955.388200;50.382200;45.500000;45.400000;1.030000;0.753000;0.072500;157.810000;77.810000;2.050000;53.540000;6.190000;100.826300;52952015.250000;26099879.930000;-132420866.400000;340.250000;487.720000;39969081876313.000000;21.031300;31.143600;75.500000;2749.140000
1/02/04;78.770700;95.684700;14.550000;3972.522800;50.705400;43.900000;43.800000;1.040000;0.746500;0.070000;153.330000;78.290000;2.260000;54.180000;6.280000;111.156700;63702534.790000;4890561.264000;-150669958.900000;310.310000;425.240000;40160731936877.000000;21.273900;30.866000;75.050000;2717.940000
1/03/04;78.939500;95.208800;16.740000;3992.257900;51.002900;44.200000;44.100000;1.050000;0.907900;0.067500;148.720000;78.680000;1.110000;54.710000;6.210000;121.149800;72559824.900000;-12422963.150000;-169508580.000000;373.120000;497.320000;40347196876197.000000;21.530000;33.799100;73.750000;2670.800000
1/04/04;79.066100;95.638500;17.190000;4014.593500;51.343700;46.100000;46.000000;1.030000;0.869300;0.067500;146.160000;79.270000;0.750000;54.960000;5.490000;110.779300;79523885.590000;-25840693.320000;-188936729.700000;386.760000;524.070000;40528476694270.000000;21.701800;33.362700;67.150000;2639.600000
1/05/04;79.403600;96.396600;15.500000;4036.479000;51.980200;46.300000;46.200000;1.020000;1.067800;0.067500;149.660000;80.010000;8.400000;55.170000;5.370000;115.520100;84594716.870000;-35362629.240000;-208954407.900000;385.740000;550.490000;40704571391098.000000;21.704200;37.741000;85.550000;2719.430000
1/06/04;79.698900;95.601900;14.340000;4057.914400;51.999300;45.700000;45.500000;1.380000;1.324800;0.067500;149.510000;80.360000;0.440000;55.510000;6.070000;114.465000;87772318.730000;-40988770.910000;-229561614.600000;388.160000;590.840000;40875480966681.000000;22.144700;35.192700;73.100000;2716.560000
1/07/04;79.783300;96.338500;15.320000;4078.899700;52.113200;46.800000;46.500000;1.290000;1.438300;0.067500;146.420000;80.240000;2.260000;55.490000;6.190000;121.800900;89056691.160000;-42719118.330000;-250758350.000000;403.290000;635.140000;41041205421018.000000;22.604800;38.371400;66.450000;2653.320000
1/08/04;79.825500;96.409500;15.290000;4100.806200;52.330100;45.800000;45.600000;1.550000;1.626600;0.067500;143.470000;80.300000;2.810000;55.510000;5.890000;119.324200;88447834.180000;-40553671.500000;-272544613.800000;419.410000;625.000000;41201744754109.000000;22.736700;43.030900;69.300000;2598.590000
1/09/04;80.078600;96.490700;13.340000;4123.634100;52.617600;46.500000;46.200000;1.940000;1.926500;0.067500;141.040000;80.330000;1.310000;55.670000;5.970000;124.222900;85945747.780000;-34492430.430000;-294920406.300000;392.190000;626.240000;41357098965955.000000;23.098500;43.382300;82.350000;2552.780000
1/10/04;80.500600;97.409400;16.270000;4147.383200;52.852000;45.700000;45.500000;1.790000;2.080800;0.067500;144.040000;80.710000;7.610000;55.660000;5.900000;123.846000;81550431.960000;-24535395.100000;-317885727.300000;414.100000;630.280000;41507268056555.000000;23.425200;49.770500;74.400000;2580.700000
1/11/04;80.880300;97.613700;13.240000;4173.389300;53.072200;45.600000;45.400000;2.020000;2.353100;0.067500;142.770000;80.860000;1.310000;55.820000;5.820000;129.039300;75261886.720000;-10682565.530000;-341440576.800000;468.690000;653.520000;41652252025910.000000;23.559500;43.055000;94.450000;2530.190000
1/12/04;80.880300;98.331800;13.290000;4201.652500;53.226700;46.800000;46.800000;1.970000;2.534900;0.065000;136.790000;80.510000;0.670000;55.990000;5.500000;123.213500;67080112.070000;7066058.294000;-365584954.900000;502.020000;673.180000;41792050874019.000000;24.031300;39.656100;103.750000;2411.370000
1/01/05;80.838100;98.784500;12.820000;4232.172600;53.278300;50.400000;50.400000;2.500000;2.678200;0.065000;132.820000;80.530000;3.830000;56.450000;5.430000;106.229500;57005107.990000;28710476.370000;-390318861.600000;415.160000;574.690000;41926664600882.000000;24.655300;44.284300;105.350000;2362.960000
1/02/05;81.175600;99.463900;12.080000;4256.007400;53.348100;46.600000;46.600000;2.520000;2.839400;0.065000;130.890000;80.820000;2.490000;57.020000;5.250000;116.503600;48870236.690000;49342970.330000;-411988561.200000;415.270000;637.330000;42071238183747.000000;24.911800;45.557000;119.150000;2340.490000
1/03/05;81.470900;99.306100;14.020000;4273.157000;53.422900;45.900000;45.900000;2.960000;2.963400;0.065000;130.210000;81.140000;6.930000;57.460000;5.030000;119.954600;42675498.160000;68963540.200000;-430594053.700000;462.540000;717.670000;42225771622613.000000;25.217300;53.072600;126.400000;2353.710000
1/04/05;81.724100;99.473400;15.310000;4283.621200;53.539200;46.500000;46.400000;2.970000;3.076800;0.065000;129.770000;81.280000;0.170000;57.720000;5.010000;125.664800;38420892.400000;87572185.960000;-446135339.000000;521.690000;701.170000;42390264917481.000000;25.556700;51.857100;125.150000;2350.010000
1/05/05;81.681900;99.603300;13.290000;4301.026900;53.683000;46.300000;46.200000;3.090000;3.145400;0.065000;128.940000;81.390000;0.140000;57.950000;5.040000;120.620900;36106419.420000;105168907.600000;-458612417.300000;497.560000;723.970000;42564718068351.000000;25.890200;48.666400;118.350000;2339.220000
1/06/05;81.724100;99.985300;12.040000;4325.373900;53.952200;46.000000;45.700000;3.350000;3.317400;0.065000;127.430000;81.370000;5.800000;58.180000;4.830000;119.856000;35732079.210000;121753705.200000;-468025288.500000;513.780000;874.290000;42749131075222.000000;26.275900;54.307700;104.650000;2331.790000
1/07/05;82.230400;99.669200;11.570000;4356.662300;54.214800;47.100000;46.700000;3.310000;3.576500;0.065000;127.330000;81.340000;1.580000;58.210000;4.910000;121.721100;37297871.770000;137326578.600000;-474373952.600000;475.050000;689.210000;42943503938094.000000;26.470900;57.579000;103.150000;2323.380000
1/08/05;82.736700;99.943500;12.600000;4382.705900;54.486600;45.500000;45.100000;3.630000;3.631600;0.065000;127.610000;81.260000;5.060000;58.210000;4.880000;128.181800;40803797.110000;151887528.000000;-477658409.600000;555.950000;784.600000;43147836656968.000000;26.632100;64.124800;97.750000;2306.190000
1/09/05;83.875800;98.077900;11.920000;4403.504800;54.769900;46.100000;45.800000;3.930000;4.137900;0.060000;127.530000;81.080000;0.030000;58.460000;5.020000;130.450500;46249855.220000;165436553.200000;-477878659.500000;551.300000;795.150000;43362129231844.000000;27.087900;62.982300;93.450000;2294.520000
1/10/05;84.002400;99.314900;15.320000;4419.058900;55.052500;44.800000;44.500000;4.020000;4.200100;0.060000;126.950000;81.190000;2.180000;58.600000;5.270000;126.434500;53636046.100000;177973654.400000;-475034702.300000;486.050000;745.510000;43586381662720.000000;27.666900;58.522400;96.650000;2292.550000
1/11/05;83.580500;100.321600;12.060000;4441.732200;55.189600;44.700000;44.500000;4.030000;4.325800;0.060000;125.700000;81.280000;0.110000;58.660000;5.100000;130.895900;62962369.760000;189498831.400000;-469126538.000000;547.640000;761.060000;43820593949599.000000;28.198500;55.535900;93.000000;2279.850000
1/12/05;83.580500;100.943700;12.070000;4471.524900;55.412300;45.400000;45.200000;4.090000;4.363000;0.060000;125.650000;81.300000;0.670000;58.700000;4.850000;124.249300;74228826.190000;200012084.400000;-460154166.700000;570.670000;807.900000;44064766092479.000000;28.452800;56.712300;107.100000;2278.910000
1/01/06;84.086800;101.062700;12.950000;4508.436800;55.765500;47.100000;47.000000;4.470000;4.534600;0.060000;125.940000;81.560000;5.660000;59.020000;4.560000;112.015200;87435415.390000;209513413.200000;-448117588.200000;465.620000;658.830000;44318898091360.000000;28.566200;63.361400;118.200000;2273.660000
1/02/06;84.129000;101.066900;12.340000;4537.320400;55.967400;44.600000;44.600000;4.520000;4.604200;0.060000;124.470000;81.690000;0.750000;59.410000;4.190000;122.766600;98778830.220000;215588923.200000;-439227408.900000;440.850000;735.370000;44575951457296.000000;28.871800;59.923500;111.800000;2256.240000
1/03/06;84.255600;101.275100;11.390000;4558.175700;56.087900;42.700000;42.600000;5.000000;4.765900;0.060000;124.390000;82.170000;2.270000;59.830000;4.110000;133.972900;108259070.700000;218238614.300000;-433483629.000000;558.000000;762.180000;44835926190286.000000;28.870900;62.253900;107.000000;2262.360000
1/04/06;84.677500;101.681300;11.590000;4571.002600;56.396300;44.700000;44.500000;4.860000;4.912200;0.060000;128.980000;83.440000;7.510000;60.090000;4.120000;121.981100;115876136.700000;217462486.600000;-430886248.200000;500.930000;739.400000;45098822290330.000000;29.349100;70.432500;107.200000;2334.290000
1/05/06;84.930600;101.579000;16.440000;4583.408900;56.451100;45.500000;45.300000;5.050000;5.065100;0.062500;134.570000;84.250000;4.590000;60.290000;4.040000;133.539000;121630028.400000;213260539.900000;-431435266.700000;574.580000;873.480000;45364639757428.000000;30.120200;70.267000;98.950000;2417.990000
1/06/06;85.141600;101.969300;13.080000;4595.394500;56.766900;45.100000;44.900000;5.050000;5.262600;0.065000;140.540000;85.090000;2.160000;60.480000;3.940000;131.008600;125520745.700000;205632774.400000;-435130684.500000;576.080000;805.430000;45633378591581.000000;30.584500;68.857700;99.500000;2542.240000
1/07/06;85.605700;101.931900;14.950000;4606.959500;57.111800;44.900000;44.600000;5.310000;5.225800;0.065000;139.420000;85.420000;4.240000;60.730000;4.320000;137.371300;127548288.700000;194579190.100000;-441972501.500000;565.920000;845.950000;45905038792787.000000;31.309800;73.898100;99.350000;2511.740000
1/08/06;85.985400;102.332700;12.310000;4621.498400;57.367700;42.700000;42.300000;5.310000;5.203600;0.067500;132.850000;85.320000;1.260000;60.960000;4.720000;143.378500;127712657.200000;180099786.900000;-451960717.700000;611.590000;841.170000;46179620361048.000000;31.925600;73.612200;104.000000;2389.650000
1/09/06;85.563500;102.125200;11.980000;4639.011100;57.593700;42.600000;42.200000;5.340000;5.154000;0.067500;132.710000;85.780000;0.540000;61.140000;4.580000;149.131200;126013851.400000;162194564.800000;-465095333.200000;596.830000;831.020000;46457123296363.000000;32.076500;62.772900;107.650000;2398.880000
1/10/06;85.183800;102.066800;11.100000;4659.497800;58.000900;41.700000;41.500000;5.310000;5.152600;0.072500;130.810000;85.750000;-0.030000;61.050000;4.190000;146.917700;122451871.200000;140863523.900000;-481376347.900000;621.080000;897.130000;46737547598732.000000;32.264900;58.381800;108.250000;2364.290000
1/11/06;85.226000;101.968800;10.910000;4679.303100;58.290100;42.100000;42.000000;5.310000;5.128300;0.072500;127.120000;85.610000;-0.160000;61.190000;4.310000;150.838100;117026716.600000;116106664.000000;-500803761.900000;657.860000;847.730000;47020893268156.000000;32.841300;58.484100;119.700000;2290.460000
1/12/06;85.690100;103.029200;11.560000;4698.427100;58.649100;43.300000;43.100000;5.170000;5.168100;0.075000;126.210000;85.690000;2.480000;61.330000;4.480000;138.319300;109738387.700000;87923985.370000;-523377575.200000;608.100000;842.990000;47307160304634.000000;33.233100;62.270500;126.200000;2261.335263
1/01/07;85.832200;102.493300;10.420000;4716.869700;58.964900;44.600000;44.400000;5.330000;5.142900;0.077500;123.740000;85.990000;0.350000;61.800000;4.710000;126.834400;100586884.300000;56315487.830000;-549097787.600000;594.150000;620.870000;47596348708165.000000;33.280200;54.553900;117.650000;2237.060000
1/02/07;86.165100;103.526400;15.420000;4735.970300;59.096200;42.600000;42.600000;5.410000;5.133800;0.080000;122.430000;85.900000;1.470000;62.530000;5.250000;139.274400;90066236.280000;30287025.760000;-572441299.700000;595.910000;644.810000;47872300681169.000000;33.750500;57.758500;117.700000;2227.630000
1/03/07;86.613200;103.752100;14.640000;4755.729000;59.377100;40.700000;40.600000;5.300000;5.175400;0.082500;120.320000;85.760000;2.580000;63.290000;5.780000;151.099500;78176443.490000;9838599.149000;-593408111.300000;714.130000;803.050000;48135016223644.000000;35.002000;62.143600;109.250000;2201.390000
1/04/07;86.873100;104.481400;14.220000;4776.145800;59.977900;42.500000;42.400000;5.290000;5.218000;0.082500;117.490000;85.360000;1.280000;63.850000;6.260000;137.116800;64917505.970000;-5029791.994000;-611998222.400000;635.540000;841.140000;48384495335591.000000;35.915900;67.504800;103.150000;2144.600000
1/05/07;87.232100;104.532200;13.050000;4794.731400;60.091000;44.100000;44.000000;5.280000;5.101800;0.087500;110.500000;84.230000;5.150000;64.050000;6.230000;147.702700;50289423.730000;-14318147.670000;-628211633.100000;713.300000;918.660000;48620738017010.000000;36.439000;67.476500;111.900000;2007.910000
1/06/07;87.434200;104.561700;16.230000;4811.485800;60.366900;43.900000;43.700000;5.310000;5.006800;0.090000;106.120000;83.220000;6.690000;64.120000;6.030000;145.077200;34292196.760000;-18026467.880000;-642048343.400000;687.690000;711.990000;48843744267901.000000;36.507100;71.317100;111.000000;1923.760000
1/07/07;87.589900;104.522700;23.520000;4826.409100;60.618700;42.900000;42.600000;5.280000;5.020700;0.092500;108.390000;83.200000;-0.020000;64.230000;5.770000;150.132300;16925825.060000;-16154752.620000;-653508353.200000;704.440000;891.750000;49053514088263.000000;36.731000;77.205000;114.300000;1950.870000
1/08/07;87.616900;104.755600;23.380000;4844.083800;61.253600;44.900000;44.000000;4.960000;4.637900;0.092500;114.190000;83.740000;0.650000;64.140000;5.220000;153.764500;-1809691.365000;-8703001.901000;-662591662.600000;770.410000;882.620000;49250047478097.000000;37.057500;70.797000;112.650000;2058.280000
1/09/07;87.988200;105.161100;18.000000;4864.510100;61.405600;42.700000;41.100000;4.580000;4.291400;0.092500;118.530000;84.190000;13.210000;64.200000;5.010000;156.981100;-21914352.520000;4328784.288000;-669298271.600000;701.320000;849.690000;49433344437402.000000;37.625700;77.128500;128.650000;2117.050000
1/10/07;88.259500;104.717100;18.530000;4887.687700;61.518700;42.100000;41.800000;4.600000;4.292600;0.092500;114.010000;83.920000;7.020000;64.200000;5.160000;158.604100;-43388158.400000;22940605.940000;-673628180.100000;821.760000;883.500000;49603404966180.000000;38.687800;82.831700;121.350000;2003.260000
1/11/07;88.953100;105.333800;22.870000;4898.091600;61.726400;42.600000;42.200000;4.660000;3.687700;0.095000;118.150000;85.060000;7.330000;64.510000;5.410000;162.081100;-66231109.010000;47132463.060000;-675581388.100000;807.900000;1061.670000;49760229064429.000000;39.211400;92.528200;125.950000;2047.720000
1/12/07;89.210900;105.345700;22.500000;4895.721700;61.977400;43.500000;28.000000;3.060000;3.698700;0.095000;116.160000;93.530000;9.960000;64.820000;5.690000;150.243200;-90443204.340000;76904355.650000;-675157895.800000;730.310000;1086.860000;49903816732150.000000;39.404900;91.529000;136.200000;2014.201500
1/01/08;89.518500;105.061900;26.200000;4880.577900;62.258300;44.900000;-0.800000;3.220000;2.655900;0.095000;114.500000;94.440000;2.380000;65.510000;6.000000;134.963600;-116024444.400000;112256283.700000;-672357702.900000;857.680000;1104.020000;50034167969342.000000;39.673500;92.006500;138.150000;1980.590000
1/02/08;89.734900;104.709400;26.540000;4879.118300;62.962100;43.800000;-16.300000;3.010000;2.137900;0.097500;109.610000;94.870000;5.180000;66.500000;6.350000;150.248400;-130785827.200000;138276942.500000;-668143339.900000;899.110000;1096.330000;50152980055182.000000;40.018000;94.818600;164.600000;1903.270000
1/03/08;90.056000;104.461600;25.610000;4891.342800;63.510600;43.800000;-50.700000;2.510000;1.874500;0.097500;104.960000;95.020000;0.900000;67.040000;5.930000;139.224000;-134727352.700000;154966331.900000;-662514806.600000;836.880000;1168.110000;50260252989670.000000;40.229200;103.122900;127.400000;1846.900000
1/04/08;90.264400;103.670400;20.790000;4917.251400;63.865400;45.000000;-90.400000;2.370000;1.812400;0.097500;103.240000;94.880000;0.300000;67.510000;5.730000;151.275200;-127849021.000000;162324452.100000;-655472103.200000;989.990000;1307.210000;50355986772805.000000;40.930600;110.188600;134.550000;1796.130000
1/05/08;90.798600;103.086300;17.830000;4937.192700;63.964300;46.900000;-108.900000;1.980000;1.956400;0.097500;102.260000;98.210000;3.510000;68.140000;6.390000;141.988900;-110150832.000000;160351303.000000;-647015229.500000;982.420000;1317.770000;50440181404588.000000;41.400300;123.494500;133.900000;1778.010000
1/06/08;91.750000;102.844500;23.950000;4951.166900;64.109800;45.800000;-125.500000;2.470000;2.054000;0.097500;98.590000;106.820000;8.770000;68.730000;7.180000;136.990700;-81632785.780000;149046884.600000;-637144185.600000;962.250000;1427.740000;50512836885018.000000;41.498700;133.048600;150.900000;1712.280000
1/07/08;92.405200;102.300200;22.940000;4959.173800;64.495400;46.000000;-119.700000;2.090000;2.052300;0.100000;103.430000;109.950000;2.930000;69.060000;7.520000;150.911100;-42294882.270000;128411196.900000;-625858971.500000;1006.460000;1476.680000;50573953214095.000000;41.961500;133.899100;139.350000;1783.090000
1/08/08;92.267600;100.735300;20.650000;4950.591900;64.620000;45.800000;-122.300000;1.940000;2.126100;0.100000;105.440000;111.400000;1.320000;69.190000;7.870000;139.592600;7862878.499000;98444239.890000;-613159587.100000;994.720000;1279.550000;50623530391820.000000;42.718200;113.850500;141.900000;1844.290000
1/09/08;92.346500;96.366600;39.390000;4925.421200;65.200900;102.900000;-187.200000;2.030000;1.911300;0.100000;115.730000;115.230000;3.440000;69.060000;7.570000;151.515900;68840496.530000;59146013.610000;-599046032.600000;1108.280000;1217.330000;50661568418193.000000;43.735000;99.064500;130.450000;2066.040000
1/10/08;91.552500;97.283200;59.890000;4883.661600;66.099200;314.800000;-333.500000;0.220000;1.839200;0.100000;122.280000;116.550000;2.110000;69.300000;7.940000;146.632900;140637971.800000;10516518.030000;-583518307.800000;1087.750000;1157.940000;50688067293213.000000;44.486400;72.842600;113.000000;2289.170000
1/11/08;89.931500;96.060500;55.280000;4850.361300;66.519700;609.100000;-89.700000;0.520000;1.420000;0.100000;121.900000;111.130000;0.430000;69.490000;7.730000;140.317500;223255304.400000;-47444246.840000;-566576412.900000;962.300000;872.170000;50703027016880.000000;44.914900;53.241500;114.100000;2329.160000
1/12/08;89.191100;93.252100;40.000000;4825.520100;67.985600;820.900000;167.300000;0.140000;0.649700;0.095000;117.660000;104.270000;0.850000;69.800000;7.670000;137.618100;316692494.200000;-114736281.000000;-548220347.700000;895.170000;863.980000;50706447589195.000000;45.768300;41.253000;112.050000;2252.720000
1/01/09;89.416800;91.037300;44.840000;4809.138300;68.662100;860.200000;296.700000;0.230000;0.611200;0.095000;115.800000;91.680000;1.570000;70.210000;7.180000;123.498100;420949541.300000;-191359584.500000;-528450112.200000;804.430000;1009.120000;50698329010157.000000;46.642900;44.719100;118.900000;2252.980000
1/02/09;89.742500;90.450200;46.350000;4796.825900;68.904700;701.000000;118.500000;0.220000;0.876100;0.090000;126.800000;92.840000;12.190000;70.800000;6.470000;132.939500;507116229.600000;-254846432.100000;-506908999.600000;730.380000;934.960000;50706895319563.000000;47.231400;43.242500;109.450000;2513.740000
1/03/09;89.653900;89.016000;44.140000;4788.582800;69.453200;778.100000;166.000000;0.160000;0.750200;0.070000;124.730000;92.970000;3.840000;71.150000;6.140000;137.876600;575192559.200000;-305196823.900000;-483597009.600000;769.400000;1083.270000;50732146517410.000000;47.634200;46.839100;115.750000;2477.210000
1/04/09;89.744200;88.305600;36.500000;4784.409300;69.479000;881.700000;323.500000;0.200000;0.426600;0.070000;121.660000;92.640000;2.000000;71.380000;5.730000;129.686000;625178530.000000;-342410759.800000;-458514142.400000;770.960000;969.920000;50774082603701.000000;47.646200;50.983200;115.000000;2379.360000
1/05/09;89.876300;87.415500;28.920000;4783.271400;69.956800;902.800000;377.400000;0.190000;0.206600;0.060000;116.090000;91.890000;0.490000;71.390000;4.770000;134.388700;657074142.100000;-366488240.000000;-431660398.000000;707.380000;1095.740000;50832703578433.000000;47.914800;57.941400;137.400000;2229.950000
1/06/09;90.622200;87.074200;26.350000;4785.169300;70.036600;809.700000;371.000000;0.220000;0.021500;0.045000;110.310000;95.290000;19.250000;71.350000;3.810000;129.132700;670879395.400000;-377429264.300000;-403035776.200000;718.480000;1093.980000;50908009441609.000000;48.454600;68.616800;117.300000;2090.040000
1/07/09;90.595200;88.032300;25.920000;4790.103000;70.075700;796.500000;429.600000;0.180000;-0.117400;0.045000;108.610000;92.080000;-0.090000;71.320000;3.280000;141.957300;666594290.000000;-375233832.700000;-372640277.300000;918.560000;1158.110000;51000000193227.000000;48.912100;64.910000;127.850000;2052.680000
1/08/09;90.898500;89.019000;26.010000;4803.837200;70.073200;828.700000;497.300000;0.150000;-0.282700;0.045000;108.070000;90.750000;-0.290000;71.350000;3.130000;135.005100;644218825.800000;-359901945.400000;-340473901.000000;734.600000;1068.170000;51108675833288.000000;49.173900;72.504800;120.900000;2018.970000
1/09/09;91.074100;89.692600;25.610000;4826.371900;70.067300;922.600000;615.800000;0.070000;-0.406000;0.040000;107.430000;90.270000;-0.400000;71.280000;3.210000;144.641600;603753002.900000;-331433602.200000;-306536647.500000;794.430000;1117.120000;51234036361791.000000;49.140300;67.687300;127.800000;1980.770000
1/10/09;91.347500;89.979700;30.690000;4857.707100;70.290100;1056.700000;791.700000;0.110000;-0.474600;0.040000;104.190000;89.490000;2.290000;71.190000;2.720000;142.375400;545196821.200000;-289828803.100000;-270828516.700000;857.490000;1178.120000;51376081778737.000000;49.279500;73.194100;135.500000;1904.860000
1/11/09;91.653300;90.337500;24.510000;4879.265800;70.540200;1141.600000;924.300000;0.130000;-0.610400;0.035000;108.520000;93.570000;5.380000;71.140000;2.370000;142.403300;468550280.800000;-235087548.300000;-233349508.700000;814.980000;1143.210000;51534812084126.000000;49.604100;77.036700;141.750000;1973.570000
1/12/09;91.701000;90.613200;21.680000;4891.048100;70.498600;1140.400000;970.500000;0.050000;-0.154000;0.035000;109.730000;96.630000;3.270000;71.200000;2.000000;139.685600;373813381.600000;-167209837.600000;-194099623.400000;884.710000;1271.740000;51710227277957.000000;49.684300;74.700000;135.950000;2017.050000
1/01/10;91.760500;91.664200;24.620000;4893.053800;70.185300;1112.400000;970.200000;0.120000;-0.447700;0.035000;105.700000;97.280000;5.180000;71.690000;2.100000;122.382800;260986123.700000;-86195671.030000;-153078860.800000;699.880000;1245.020000;51902327360231.000000;50.148600;76.412400;131.700000;1978.190000
1/02/10;91.673200;91.994000;19.500000;4904.102400;70.597500;1225.500000;1114.300000;0.130000;-0.544700;0.035000;101.950000;94.160000;3.130000;72.280000;2.090000;136.047200;166696874.600000;-19952894.670000;-118413889.100000;724.960000;1226.130000;52110666834978.000000;50.721900;74.312000;129.050000;1952.890000
1/03/10;91.703500;92.599300;17.590000;4924.193900;70.573400;1184.500000;1092.800000;0.090000;-0.476300;0.035000;100.190000;97.260000;3.290000;72.460000;1.840000;145.992700;90945634.430000;31518491.510000;-90104708.140000;856.100000;1426.430000;52335245702197.000000;50.829800;79.274800;136.150000;1909.100000
1/04/10;91.724600;92.943600;22.050000;4953.328300;70.826100;1117.400000;1037.200000;0.200000;-0.466500;0.035000;101.980000;96.910000;0.750000;72.790000;1.980000;138.242900;33732403.130000;68218487.530000;-68151318.050000;814.320000;1491.850000;52576063961888.000000;51.114100;84.928600;135.200000;1940.360000
1/05/10;91.677000;94.299700;32.070000;4977.140200;71.280600;1111.300000;1035.700000;0.190000;-0.482800;0.030000;102.540000;98.730000;1.880000;72.870000;2.070000;141.513000;-4942819.281000;90147093.380000;-52553718.770000;828.190000;1501.380000;52833121614052.000000;51.494800;76.251000;134.250000;1984.360000
1/06/10;91.638600;94.439700;34.540000;4995.629600;71.439400;1099.200000;1029.300000;0.090000;-0.542100;0.030000;99.090000;96.950000;0.340000;72.950000;2.250000;138.482300;-25080032.810000;97304309.050000;-43311910.320000;810.030000;1307.920000;53106418658689.000000;52.048100;74.838200;164.200000;1925.900000
1/07/10;91.809900;94.853600;23.500000;5008.796500;71.519100;1087.800000;1021.900000;0.180000;-0.589700;0.030000;97.750000;95.150000;-0.030000;72.920000;2.240000;143.100000;-26679237.460000;89690134.560000;-40425892.690000;894.370000;1349.380000;53395955095798.000000;52.554400;74.735500;176.300000;1874.520000
1/08/10;91.944000;95.144800;26.050000;5025.470100;71.937100;1085.100000;1025.000000;0.210000;-0.698500;0.030000;95.230000;93.170000;-0.390000;73.000000;2.310000;142.154600;-9740433.235000;67304569.890000;-43895665.880000;931.980000;1406.470000;53701730925380.000000;52.830200;76.693200;176.800000;1819.060000
1/09/10;92.092600;95.363700;23.700000;5045.650400;72.196400;1047.900000;995.300000;0.150000;-0.795700;0.030000;95.390000;93.260000;0.100000;72.900000;2.280000;150.598400;25736379.880000;30147615.060000;-53721229.900000;1007.370000;1398.140000;54023746147434.000000;53.274300;77.786800;183.050000;1805.600000
1/10/10;92.413200;95.110900;21.200000;5069.337500;72.603600;1039.700000;991.100000;0.200000;-0.995200;0.030000;97.480000;94.940000;1.800000;72.840000;2.330000;147.498800;79751201.870000;-21780729.950000;-69902584.730000;941.140000;1511.000000;54362000761961.000000;53.739600;82.918100;203.450000;1808.460000
1/11/10;92.647400;95.138300;23.540000;5083.466900;72.775600;1038.600000;991.900000;0.200000;-0.956000;0.030000;100.330000;97.590000;3.030000;72.980000;2.590000;150.047000;152304032.700000;-88480465.120000;-92439730.390000;987.520000;1464.120000;54716494768960.000000;54.181200;85.670000;200.950000;1863.670000
1/12/10;93.019500;96.059900;17.750000;5088.038600;73.040700;1078.000000;1032.500000;0.130000;-0.884800;0.030000;102.910000;101.390000;4.110000;73.450000;3.170000;146.469000;243394872.500000;-169951590.500000;-121332666.900000;1036.140000;1643.340000;55087228168432.000000;54.880200;91.796500;240.500000;1925.860000
1/01/11;93.321200;95.936400;19.530000;5083.052600;73.344900;1110.300000;1078.100000;0.170000;-1.011200;0.030000;99.750000;101.110000;3.610000;74.120000;3.400000;132.308200;353023721.100000;-266194106.000000;-156581394.200000;949.590000;1446.070000;55474200960377.000000;55.558800;96.294800;244.800000;1866.640000
1/02/11;93.621100;95.515400;18.350000;5090.973600;73.723000;1263.700000;1241.800000;0.160000;-1.091300;0.032500;100.900000;103.890000;2.750000;74.570000;3.170000;141.147300;447360924.100000;-350633975.100000;-198899439.400000;949.560000;1522.370000;55838087683115.000000;56.086300;103.955000;271.700000;1882.610000
1/03/11;94.105500;96.464300;17.740000;5111.801800;74.091100;1434.900000;1415.000000;0.100000;-0.991500;0.035000;101.960000;105.060000;1.990000;74.770000;3.190000;156.311500;526406481.400000;-423271197.700000;-248286802.500000;1148.850000;1881.830000;56178888336648.000000;56.892400;114.441300;264.150000;1884.380000
1/04/11;94.547200;96.118700;14.750000;5145.537100;74.608000;1528.000000;1510.100000;0.090000;-1.066300;0.035000;99.420000;106.560000;1.430000;74.860000;2.840000;141.339600;590160393.000000;-484105773.900000;-304743483.500000;1050.460000;1854.830000;56496602920976.000000;57.313100;123.150500;299.350000;1812.770000
1/05/11;94.848000;96.337700;15.450000;5168.865300;75.034300;1589.800000;1574.700000;0.100000;-1.140400;0.040000;98.950000;106.650000;0.830000;75.070000;3.020000;149.698500;638622658.900000;-533137703.600000;-368269482.500000;1217.400000;1981.970000;56791231436097.000000;58.033300;114.458200;264.600000;1801.650000
1/06/11;94.848000;96.615400;16.520000;5181.786600;75.734100;1665.800000;1652.600000;0.070000;-1.121900;0.042500;97.750000;102.640000;0.190000;75.310000;3.230000;142.017400;671793279.200000;-570366986.900000;-438864799.300000;1138.210000;1810.840000;57062773882012.000000;59.272800;113.757700;265.350000;1782.540000
1/07/11;95.096600;97.129200;25.250000;5184.300900;77.296400;1696.600000;1684.200000;0.110000;-1.192300;0.042500;97.150000;99.740000;-0.330000;75.420000;3.420000;149.902900;689672253.700000;-595793623.700000;-516529434.100000;1138.590000;1871.440000;57311230258722.000000;59.775500;116.461000;239.550000;1761.750000
1/08/11;95.396500;97.673100;31.620000;5194.666300;79.072300;1666.600000;1654.700000;0.080000;-1.377100;0.045000;98.360000;99.500000;0.300000;75.390000;3.270000;155.204200;692259582.600000;-609417614.100000;-601263386.700000;1198.430000;1900.400000;57536600566226.000000;60.915900;110.081300;289.100000;1785.040000
1/09/11;95.603700;97.649400;42.960000;5212.882800;79.276700;1643.500000;1631.900000;0.060000;-1.402500;0.045000;99.190000;103.110000;3.630000;75.620000;3.730000;157.502900;679555265.900000;-611238958.100000;-693066657.300000;1259.520000;1762.260000;57738884804524.000000;62.125100;112.446800;228.900000;1836.150000
1/10/11;95.668200;98.322200;29.960000;5238.950400;79.539300;1638.900000;1627.700000;0.090000;-1.437200;0.045000;102.640000;103.850000;2.370000;75.770000;4.020000;153.161200;651559303.400000;-601257655.600000;-791939245.700000;1204.530000;1835.560000;57918082973616.000000;62.604600;109.469000;226.950000;1910.380000
1/11/11;95.845000;98.243300;27.800000;5265.369500;79.880000;1592.400000;1582.100000;0.100000;-1.483500;0.047500;102.800000;106.240000;2.300000;75.870000;3.960000;158.805900;608271695.300000;-579473706.600000;-897881152.100000;1274.940000;1979.510000;58074195073503.000000;63.657800;110.504100;233.800000;1918.210000
1/12/11;95.867800;98.787600;23.400000;5292.140100;80.202400;1598.700000;1589.200000;0.040000;-1.466400;0.047500;102.620000;106.460000;0.210000;76.190000;3.730000;148.852800;549692441.500000;-545887111.200000;-1010892376.000000;1133.250000;2040.810000;58207221104184.000000;64.899200;107.970000;226.850000;1934.080000
1/01/12;96.129000;99.392500;19.440000;5319.262100;80.860600;1619.200000;1610.600000;0.110000;-1.539800;0.050000;98.330000;102.830000;-0.060000;76.750000;3.540000;133.651800;475821542.000000;-500497869.400000;-1130972919.000000;1066.730000;1768.190000;58317161065659.000000;65.653000;110.993600;215.050000;1852.120000
1/02/12;96.334400;99.620300;18.430000;5341.535500;81.216300;1659.900000;1652.000000;0.100000;-1.451700;0.052500;95.440000;104.880000;1.990000;77.220000;3.550000;146.683800;413165977.700000;-461259215.100000;-1230596039.000000;1102.690000;1847.070000;58442321410891.000000;66.275600;119.702400;203.150000;1783.560000
1/03/12;96.536100;99.155100;15.500000;5358.960300;81.587800;1606.300000;1599.000000;0.090000;-1.266100;0.052500;94.770000;106.210000;1.270000;77.310000;3.400000;154.833500;361725748.600000;-428171148.200000;-1309761737.000000;1199.980000;2110.530000;58582702139882.000000;66.945100;124.928600;182.450000;1766.340000
1/04/12;96.696400;99.900600;17.150000;5371.536500;82.039000;1586.700000;1579.800000;0.160000;-1.262000;0.052500;95.090000;108.600000;2.250000;77.420000;3.430000;137.273900;321500854.600000;-401233668.900000;-1368470012.000000;1063.920000;1851.350000;58738303252631.000000;67.668900;120.591000;177.950000;1775.060000
1/05/12;96.496500;100.092400;24.060000;5384.092400;82.302400;1558.500000;1552.300000;0.160000;-1.237200;0.052500;94.610000;105.340000;0.320000;77.660000;3.440000;150.302100;292491295.900000;-380446777.000000;-1406720866.000000;1315.650000;1996.370000;58909124749137.000000;68.542600;110.521700;160.650000;1793.280000
1/06/12;96.416700;100.072800;17.080000;5396.628000;82.882500;1555.400000;1550.200000;0.090000;-1.111100;0.052500;93.680000;96.440000;-0.570000;77.720000;3.200000;146.272000;274697072.300000;-365810472.700000;-1424514297.000000;1223.660000;1686.020000;59095166629401.000000;69.029700;95.589000;170.100000;1792.630000
1/07/12;96.444600;100.335400;18.930000;5409.143400;83.490800;1583.800000;1579.500000;0.130000;-1.178800;0.050000;93.680000;96.140000;1.510000;77.700000;3.030000;153.320600;268118183.900000;-357324755.800000;-1421850307.000000;1246.150000;1838.790000;59296428893424.000000;69.103200;103.140900;174.400000;1784.430000
1/08/12;97.004900;99.856000;17.470000;5419.702400;84.081600;1582.200000;1578.900000;0.130000;-1.258700;0.047500;95.490000;98.740000;7.780000;77.730000;3.110000;151.735100;272754630.700000;-354989626.400000;-1398728894.000000;1257.010000;1688.750000;59512911541204.000000;69.980800;113.340000;164.550000;1806.340000
1/09/12;97.467700;99.904900;15.730000;5428.305200;84.765600;1517.500000;1515.500000;0.090000;-1.360500;0.047500;96.150000;101.330000;3.130000;77.960000;3.080000;155.053000;288606412.700000;-358805084.500000;-1355150059.000000;1122.630000;1814.220000;59744614572741.000000;71.632500;113.382500;173.500000;1803.180000
1/10/12;97.730500;100.116700;18.600000;5434.951600;85.273300;1525.600000;1524.100000;0.180000;-1.339000;0.047500;96.590000;101.570000;0.240000;78.080000;3.060000;154.701800;315673529.800000;-368771130.200000;-1291113802.000000;1249.000000;2007.270000;59991537988037.000000;72.843300;111.973500;154.650000;1804.970000
1/11/12;97.566400;100.599100;15.870000;5450.115300;85.760300;1546.100000;1545.100000;0.160000;-1.422800;0.045000;97.110000;100.010000;-0.120000;77.980000;2.770000;151.948300;353955982.100000;-384887763.300000;-1206620122.000000;1229.730000;1776.130000;60253681787091.000000;73.392500;109.711800;142.100000;1820.290000
1/12/12;97.554600;100.954200;18.020000;5473.796100;86.805700;1570.400000;1569.600000;0.090000;-1.429900;0.042500;96.090000;98.950000;-0.340000;78.050000;2.440000;144.431400;403453769.700000;-407154983.900000;-1101669021.000000;1089.810000;1829.440000;60531045969903.000000;74.658200;109.640000;143.800000;1793.940000
1/01/13;97.747800;100.820400;14.280000;5505.994100;87.017600;1636.900000;1636.400000;0.150000;-1.357600;0.040000;95.130000;97.100000;0.900000;78.280000;2.000000;133.101800;464166892.400000;-435572792.000000;-976260497.500000;1506.781200;1409.934900;60823630536472.000000;75.820000;112.928700;146.950000;1770.010000
1/02/13;98.278600;101.399500;15.510000;5526.945800;86.992700;1733.400000;1732.900000;0.140000;-1.422500;0.037500;95.550000;99.500000;2.470000;78.630000;1.830000;139.564300;517813372.400000;-465163849.800000;-868754645.500000;1357.995800;1749.309500;61111826474261.000000;76.291600;116.455000;142.650000;1791.480000
1/03/13;98.002300;101.811400;12.700000;5536.651100;87.586900;1811.300000;1810.900000;0.090000;-1.440600;0.032500;96.020000;98.580000;1.560000;78.790000;1.910000;136.843700;564393209.700000;-495928157.200000;-779151465.100000;1352.928500;1886.251900;61395633783269.000000;77.562800;109.240000;137.150000;1809.890000
1/04/13;97.797600;101.636400;13.520000;5535.110000;87.881100;1884.700000;1884.300000;0.140000;-1.523700;0.032500;97.220000;96.080000;0.010000;78.990000;2.020000;149.989400;603906404.400000;-527865714.400000;-707450956.200000;1348.664000;1838.351600;61675052463497.000000;78.735800;102.875500;134.950000;1829.960000
1/05/13;97.838100;101.747600;16.300000;5542.873700;88.181900;1982.000000;1981.600000;0.090000;-1.269000;0.032500;97.860000;96.270000;1.080000;79.210000;2.000000;147.324800;636352956.300000;-560976521.300000;-653653118.900000;1502.156200;1739.715300;61950082514944.000000;79.603000;103.027000;127.050000;1850.120000
1/06/13;98.071000;101.954900;16.860000;5559.942300;88.635600;2062.900000;2062.600000;0.070000;-0.969500;0.032500;100.350000;96.590000;2.820000;79.390000;2.160000;138.908800;661732865.600000;-595260577.800000;-617757953.200000;1134.844700;1634.149000;62220723937610.000000;80.814800;103.110000;120.000000;1909.500000
1/07/13;98.263000;101.520400;13.450000;5586.315800;89.101000;2147.700000;2147.300000;0.090000;-1.522300;0.032500;99.880000;96.660000;0.570000;79.430000;2.220000;154.871900;680046132.300000;-630717884.000000;-599765459.000000;1386.997800;1559.620100;62486976731496.000000;81.939400;107.716100;118.600000;1900.590000
1/08/13;98.497600;102.190700;17.010000;5615.359300;89.587100;2252.600000;2252.300000;0.070000;-1.666400;0.032500;99.990000;96.610000;1.720000;79.500000;2.270000;147.389700;691292756.200000;-667348439.900000;-599675636.400000;1282.922100;1582.002000;62748840896602.000000;82.781300;110.965000;112.100000;1903.660000
1/09/13;98.534700;102.717000;16.600000;5647.072900;90.020900;2333.900000;2333.600000;0.060000;-1.802300;0.032500;100.670000;98.310000;2.680000;79.730000;2.270000;156.621800;695472737.500000;-705152245.500000;-617488485.300000;1471.309700;1448.586700;63006316432927.000000;83.471700;111.621400;113.700000;1919.400000
1/10/13;98.587400;102.537100;13.750000;5681.456500;90.956700;2427.800000;2427.600000;0.070000;-1.852100;0.032500;99.930000;96.320000;-0.350000;79.520000;1.840000;155.965600;692586076.100000;-744129300.800000;-653204005.800000;1455.538300;1639.917000;63259403340471.000000;84.338200;109.479100;105.400000;1885.910000
1/11/13;98.769300;102.837900;13.700000;5699.744300;91.021500;2517.100000;2516.900000;0.070000;-1.998900;0.032500;101.520000;96.330000;0.010000;79.350000;1.760000;152.113700;682632772.000000;-784279605.800000;-706822197.900000;1302.483900;945.500700;63508101619235.000000;85.373200;108.076700;110.250000;1922.140000
1/12/13;99.030400;103.150400;13.720000;5701.936200;91.536700;2541.000000;2540.800000;0.070000;-2.133200;0.032500;102.120000;96.480000;0.160000;79.560000;1.940000;147.359000;665612825.200000;-825603160.400000;-778343061.600000;1325.814900;1259.556100;63752411269218.000000;85.916100;110.633600;110.700000;1934.080000
1/01/14;99.270500;102.721600;18.410000;5688.032200;91.957200;2556.400000;2556.300000;0.070000;-2.376100;0.032500;102.970000;96.820000;2.140000;79.950000;2.130000;134.390900;641526235.800000;-868099964.800000;-867766596.800000;1502.959400;1315.461500;63992332290420.000000;86.676400;107.570400;125.200000;1960.410000
1/02/14;99.379800;103.591700;14.000000;5694.670800;92.647800;2650.100000;2650.000000;0.060000;-2.542300;0.032500;106.360000;101.730000;5.450000;80.450000;2.320000;145.491800;619880699.000000;-904802476.900000;-943045387.700000;1704.722700;1340.718900;64224722630209.000000;88.018900;108.812000;179.800000;2040.510000
1/03/14;99.582700;104.588900;13.880000;5721.852000;92.993500;2676.700000;2676.600000;0.060000;-2.624400;0.032500;105.770000;103.790000;7.570000;80.770000;2.510000;149.949400;600676215.000000;-935710696.700000;-1004179434.000000;1589.569500;1007.826600;64449582288583.000000;88.861100;107.405700;177.900000;2022.190000
1/04/14;99.768400;104.637100;13.410000;5769.575600;93.460500;2714.900000;2714.800000;0.090000;-2.891800;0.035000;101.410000;101.420000;2.680000;81.140000;2.720000;164.354100;583912783.700000;-960824624.400000;-1051168737.000000;1508.142000;1078.138900;64666911265544.000000;89.362600;107.875500;203.050000;1939.270000
1/05/14;99.958200;105.015200;11.400000;5812.552100;94.028100;2688.400000;2688.200000;0.080000;-2.985600;0.035000;100.180000;101.240000;0.120000;81.530000;2.930000;149.909800;569590405.100000;-980144259.700000;-1084013295.000000;1611.266200;1446.700200;64876709561090.000000;89.897500;109.675900;177.500000;1915.460000
1/06/14;100.090300;105.408100;11.570000;5850.781300;94.462700;2722.300000;2722.100000;0.090000;-2.888600;0.040000;98.700000;99.800000;0.000000;81.610000;2.790000;138.542300;557709079.100000;-993669602.900000;-1102713108.000000;1505.025200;981.158900;65078977175223.000000;90.422200;111.868600;173.000000;1888.100000
1/07/14;100.202900;105.615700;16.950000;5884.263300;94.972100;2759.000000;2758.800000;0.080000;-2.836700;0.040000;97.460000;98.140000;-0.120000;81.730000;2.890000;157.731800;548268805.900000;-1001400654.000000;-1107268178.000000;1583.655600;1266.416400;65273714107941.000000;91.182500;106.983000;195.050000;1858.400000
1/08/14;100.186900;105.498600;11.980000;5909.850600;95.214800;2842.000000;2841.800000;0.070000;-2.892600;0.042500;98.820000;99.610000;2.730000;81.900000;3.020000;147.793700;541269585.400000;-1003337412.000000;-1097678503.000000;1149.302100;1380.238900;65460920359245.000000;91.822700;101.922400;195.750000;1899.070000
1/09/14;100.194100;105.813800;16.310000;5927.543200;95.500700;2814.500000;2814.200000;0.070000;-2.805100;0.045000;101.700000;100.130000;0.980000;82.010000;2.860000;159.514000;536711417.700000;-999479878.900000;-1073944084.000000;1667.998100;1353.603500;65640595929136.000000;92.123300;97.336400;193.350000;1971.340000
1/10/14;100.174200;105.835700;14.030000;5937.341100;95.994300;2760.300000;2760.100000;0.070000;-2.801700;0.045000;105.120000;99.720000;1.940000;82.140000;3.290000;156.227000;534594302.600000;-989828053.000000;-1036064920.000000;1480.622100;1068.921800;65812740817612.000000;92.746100;87.269600;188.000000;2047.030000
1/11/14;99.985700;106.663400;13.330000;5949.262800;96.320100;2575.100000;2575.000000;0.080000;-2.768300;0.045000;108.260000;98.950000;0.370000;82.250000;3.650000;150.378700;534918240.200000;-974381935.000000;-984041012.300000;1507.450400;987.669400;65977355024674.000000;93.481300;78.438000;186.650000;2127.250000
1/12/14;99.677200;106.508500;19.200000;5963.308100;96.963300;2665.900000;2665.800000;0.060000;-2.420700;0.045000;117.440000;100.000000;4.570000;82.470000;3.660000;150.553200;537683230.500000;-953141524.700000;-917872360.200000;1445.578300;1194.968700;66134438550323.000000;93.994400;62.163000;166.600000;2344.230000
1/01/15;99.042300;105.980600;20.970000;5979.477200;97.495900;2745.600000;2745.500000;0.060000;-2.268800;0.045000;117.740000;101.020000;1.020000;83.000000;3.820000;131.505400;542889273.500000;-926106822.100000;-837558963.800000;1828.004900;658.840900;66283991394557.000000;94.768300;48.416800;161.900000;2397.690000
1/02/15;99.293300;105.442500;13.340000;5999.761300;98.496500;2556.100000;2556.100000;0.060000;-1.973600;0.045000;114.960000;102.760000;1.730000;83.960000;4.360000;145.853800;543026658.800000;-898501601.100000;-766882550.700000;1040.101900;897.262900;66431493943497.000000;95.811900;57.930500;136.750000;2420.380000
1/03/15;99.560800;105.146400;15.290000;6024.160500;98.636900;2732.900000;2732.800000;0.060000;-1.808400;0.045000;120.340000;105.020000;4.750000;84.450000;4.560000;151.874700;538095386.300000;-870325861.600000;-705843120.900000;1473.341800;966.082200;66576946197143.000000;96.671400;55.791400;132.900000;2586.580000
1/04/15;99.664600;104.527200;14.550000;6052.674900;99.029200;2756.700000;2756.700000;0.080000;-1.595000;0.045000;116.230000;103.420000;2.320000;84.900000;4.640000;162.204600;528095456.000000;-841579603.600000;-654440674.400000;1277.943500;864.170400;66720348155494.000000;97.211200;59.389500;136.550000;2495.360000
1/05/15;99.993200;104.074200;13.840000;6076.191600;99.300900;2641.700000;2641.600000;0.080000;-1.433600;0.045000;114.570000;101.940000;-0.440000;85.120000;4.410000;147.721900;513026868.000000;-812262827.200000;-612675211.300000;1334.312000;926.225000;66861699818552.000000;98.289900;64.561400;126.150000;2439.090000
1/06/15;100.270000;103.717400;18.230000;6094.710500;99.677400;2611.100000;2611.000000;0.080000;-1.402000;0.045000;120.010000;102.760000;7.060000;85.210000;4.420000;145.445600;492889622.100000;-782375532.300000;-580546731.400000;1204.485800;889.744900;67001001186315.000000;99.519800;62.345900;130.650000;2554.940000
1/07/15;100.429100;104.324300;12.120000;6108.231900;100.109500;2649.300000;2649.100000;0.080000;-1.288200;0.045000;127.650000;104.150000;1.350000;85.370000;4.460000;159.897100;467683718.500000;-751917718.900000;-558055234.900000;1416.481200;899.856600;67138252258784.000000;100.261200;55.865700;125.250000;2731.900000
1/08/15;100.428700;104.162100;28.430000;6117.294500;100.533300;2666.100000;2665.800000;0.080000;-0.920600;0.045000;139.170000;106.530000;2.290000;85.780000;4.740000;153.023800;437409157.200000;-720889387.000000;-545200721.600000;1227.745500;760.548700;67273453035959.000000;101.431100;46.994300;120.550000;3023.290000
1/09/15;100.202900;103.776800;24.500000;6121.898600;100.994500;2701.300000;2701.000000;0.070000;-0.742100;0.047500;139.720000;107.630000;2.540000;86.390000;5.350000;164.506200;402065938.000000;-689290536.700000;-541983191.700000;1283.025800;831.817800;67406603517840.000000;102.748700;47.234500;121.350000;3073.120000
1/10/15;100.302100;103.397600;15.070000;6122.044000;101.259600;2725.900000;2725.700000;0.070000;-0.532400;0.047500;133.570000;109.530000;2.870000;86.980000;5.890000;160.206700;361654061.100000;-657121167.900000;-548402645.100000;1234.008900;757.862400;67537703704426.000000;103.811400;48.124100;120.950000;2937.850000
1/11/15;100.421900;102.686600;16.130000;6125.248100;102.000900;2660.300000;2660.200000;0.080000;-0.005000;0.055000;134.490000;111.190000;1.520000;87.510000;6.390000;161.109500;316173526.400000;-624381280.600000;-564459081.800000;1085.790600;575.490300;67666753595718.000000;104.486000;44.417100;116.900000;2996.670000
1/12/15;100.313900;102.101400;18.210000;6131.510900;102.465400;2481.200000;2481.100000;0.200000;0.257300;0.057500;144.040000;114.080000;2.600000;88.050000;6.770000;157.412400;265624334.000000;-591070874.800000;-590152501.800000;1178.138100;783.526700;67793753191716.000000;104.989000;37.721700;126.700000;3244.510000
1/01/16;100.341700;102.952500;20.200000;6140.832300;103.528300;2440.000000;2439.900000;0.290000;0.401900;0.057500;142.420000;118.100000;3.520000;89.190000;7.450000;141.821300;210006483.800000;-557189950.600000;-625482905.100000;1112.228200;690.441900;67918702492420.000000;105.817400;30.803300;116.350000;3284.030000
1/02/16;100.209700;102.222500;20.550000;6155.077400;104.162400;2510.900000;2510.800000;0.290000;0.525900;0.062500;144.870000;118.580000;0.920000;90.330000;7.590000;155.173400;164028382.900000;-524669816.800000;-659040054.400000;985.993900;823.775000;68037420731042.000000;106.725100;33.198100;112.650000;3357.500000
1/03/16;100.410500;101.415500;13.950000;6174.246200;104.690900;2519.700000;2519.700000;0.250000;0.506500;0.065000;136.440000;119.690000;5.210000;91.180000;7.980000;152.893000;127690031.300000;-493510473.600000;-690823949.600000;1029.803200;848.930900;68149907907581.000000;107.744400;39.071700;127.450000;3145.260000
1/04/16;100.767000;101.516700;15.700000;6198.338700;105.433000;2487.000000;2486.900000;0.300000;0.407800;0.065000;130.530000;121.510000;1.520000;91.630000;7.930000;177.029700;100991429.100000;-463711920.800000;-720834590.600000;1003.411600;788.119600;68256164022038.000000;108.741900;42.247600;120.850000;2998.710000
1/05/16;101.022300;101.429800;14.190000;6219.659600;106.004700;2443.800000;2443.700000;0.290000;0.484200;0.072500;128.820000;124.110000;2.480000;92.100000;8.200000;155.474600;83932576.200000;-435274158.500000;-749071977.700000;864.479200;1024.832400;68356189074414.000000;109.474400;47.132700;121.550000;2988.380000
1/06/16;101.319300;101.874700;15.630000;6238.208700;106.566500;2427.500000;2427.300000;0.300000;0.418000;0.075000;127.990000;126.010000;1.670000;92.540000;8.600000;155.101600;76513472.650000;-408197186.700000;-775536110.600000;874.469900;947.821800;68449983064707.000000;109.952600;48.478200;144.100000;2991.680000
1/07/16;101.305400;102.132500;11.870000;6253.986100;107.054300;2371.200000;2371.000000;0.300000;0.470300;0.075000;126.180000;126.790000;0.620000;93.020000;8.970000;150.078600;78734118.440000;-382481005.400000;-800226989.500000;821.625100;810.000400;68537545992918.000000;110.565000;45.071000;146.200000;2963.990000
1/08/16;101.509600;102.040700;13.420000;6272.780600;107.780600;2413.500000;2413.300000;0.300000;0.449900;0.077500;127.080000;117.750000;0.110000;92.730000;8.100000;168.763000;90594513.560000;-358125614.600000;-823144614.300000;1130.714100;908.320500;68618877859047.000000;111.314300;46.144300;145.900000;2963.820000
1/09/16;101.709200;102.047700;13.290000;6294.592200;108.288400;2325.100000;2324.900000;0.290000;0.510300;0.077500;124.900000;116.140000;0.110000;92.680000;7.270000;172.135700;112094658.000000;-335131014.300000;-844288985.000000;994.618400;794.041100;68693978663094.000000;111.881200;46.188600;151.550000;2921.150000
1/10/16;101.950900;102.248500;17.060000;6319.420900;108.858500;2156.100000;2155.900000;0.310000;0.522700;0.077500;125.530000;115.840000;3.960000;92.620000;6.480000;161.075200;143234551.800000;-313497204.500000;-863660101.600000;891.962100;800.256900;68762848405058.000000;112.019200;49.732400;164.150000;2932.610000
1/11/16;102.099400;102.050700;13.330000;6344.207400;109.442700;2201.700000;2201.600000;0.310000;0.429300;0.077500;131.260000;115.830000;3.930000;92.730000;5.960000;164.499400;184014194.900000;-293224185.200000;-881257964.200000;1176.025900;934.852500;68825487084941.000000;112.457200;46.435900;147.500000;3106.400000
1/12/16;102.402800;102.928100;14.040000;6368.951700;109.685300;2095.300000;2095.200000;0.550000;0.422200;0.075000;125.890000;115.700000;-0.110000;93.110000;5.750000;162.084800;234433587.400000;-274311956.400000;-897082572.700000;1068.916000;988.404700;68881894702742.000000;112.907300;54.066400;137.050000;3009.530000
1/01/17;102.826800;103.036600;11.990000;6393.653900;110.321000;2158.500000;2158.500000;0.560000;0.379200;0.075000;122.830000;117.500000;1.560000;94.070000;5.470000;142.667600;294492729.200000;-256760518.000000;-911133927.100000;957.356400;846.836000;68932071258460.000000;113.574200;54.892700;149.550000;2944.650000
1/02/17;102.958000;102.647900;12.920000;6413.947800;110.867000;2302.900000;2302.900000;0.570000;0.391100;0.072500;120.170000;116.340000;-0.060000;95.010000;5.180000;151.184000;341691807.700000;-238140690.900000;-919192748.800000;1090.987200;810.552500;68989798486280.000000;114.291000;55.493500;140.700000;2881.680000
1/03/17;102.828500;103.343000;12.370000;6429.833400;111.451200;2387.800000;2387.800000;0.820000;0.636000;0.070000;122.790000;117.570000;1.060000;95.460000;4.690000;160.713600;376030822.800000;-218452474.900000;-921259037.700000;1217.262900;919.373100;69055076386202.000000;114.367100;51.968300;139.300000;2943.490000
1/04/17;102.970700;104.272100;10.820000;6441.310800;111.994700;2344.800000;2344.800000;0.830000;0.846400;0.070000;120.220000;117.100000;1.300000;95.910000;4.660000;164.180300;397509774.700000;-197695870.200000;-917332793.900000;1325.598300;807.581300;69127904958225.000000;115.411900;53.063500;131.050000;2873.550000
1/05/17;102.915000;104.412900;10.410000;6458.005000;112.441000;2288.900000;2288.900000;0.830000;1.029000;0.062500;122.370000;116.110000;0.230000;96.120000;4.370000;155.092200;406128663.200000;-175870876.600000;-907414017.400000;1036.931300;1096.433300;69208284202350.000000;116.183700;50.870900;129.350000;2924.000000
1/06/17;103.021700;104.584900;11.180000;6479.916200;112.671200;2269.700000;2269.600000;1.060000;1.056200;0.062500;123.510000;115.760000;0.120000;96.230000;3.990000;153.140100;401887488.400000;-152977494.300000;-891502708.100000;850.653300;874.489900;69296214118576.000000;116.427600;46.894500;124.050000;2958.360000
1/07/17;103.084600;104.542700;10.260000;6507.044300;113.169800;2296.900000;2296.800000;1.070000;1.079700;0.055000;128.040000;115.490000;6.160000;96.180000;3.400000;160.382000;384786250.300000;-129015723.100000;-869598866.000000;942.233200;819.447500;69391694706905.000000;117.227700;48.690000;139.250000;3038.760000
1/08/17;103.496400;104.047500;10.590000;6537.865100;113.631800;2407.200000;2407.000000;1.070000;1.106300;0.055000;126.260000;115.910000;4.640000;96.320000;3.870000;164.147700;354824948.900000;-103985563.200000;-841702491.300000;1025.293700;872.468300;69494725967334.000000;117.382400;51.369600;128.150000;2972.620000
1/09/17;103.977800;104.050200;9.510000;6572.378600;113.985800;2357.900000;2357.700000;1.060000;1.104500;0.052500;124.740000;114.510000;2.730000;96.360000;3.970000;168.308400;312003584.100000;-77887014.440000;-807813583.700000;823.626100;730.763500;69605307899866.000000;117.615100;55.162900;128.050000;2918.490000
1/10/17;104.030500;105.628700;10.180000;6610.584900;114.422100;2310.900000;2310.800000;1.070000;1.156600;0.050000;125.680000;115.210000;2.700000;96.370000;4.050000;160.689600;256322156.100000;-50720076.880000;-767932143.500000;962.944600;872.482500;69723440504499.000000;118.264400;57.617700;125.100000;2955.060000
1/11/17;104.352400;106.193000;11.280000;6646.688600;114.630700;2378.300000;2378.200000;1.070000;1.283600;0.047500;128.380000;125.790000;9.240000;96.550000;4.120000;164.286200;187780664.700000;-22484750.520000;-722058170.500000;934.243100;845.769100;69849123781234.000000;118.990600;62.575500;126.300000;3013.170000
1/12/17;104.569300;106.536000;11.040000;6680.689500;114.977200;2309.800000;2309.700000;1.330000;1.408500;0.045000;127.500000;126.220000;0.340000;96.920000;4.090000;160.249400;106379110.000000;6818964.638000;-670191664.700000;929.012700;1123.307300;69982357730070.000000;120.269400;64.211900;126.200000;2991.420000
1/01/18;104.978100;106.265500;13.540000;6712.587900;115.165900;2281.000000;2281.000000;1.340000;1.399500;0.045000;123.570000;127.540000;1.050000;97.530000;3.680000;142.927600;12117491.970000;37191068.600000;-612332626.200000;999.095700;1053.439900;70123142351008.000000;120.924900;68.986500;121.850000;2867.680000
1/02/18;105.256200;106.641900;19.850000;6746.675300;115.451800;2305.300000;2305.200000;1.350000;1.546000;0.045000;120.800000;123.940000;0.440000;98.220000;3.370000;153.251900;-68885885.180000;63528801.590000;-564541794.600000;875.937100;859.631200;70273823848890.000000;120.985400;65.422000;121.050000;2860.000000
1/03/18;105.230000;107.251900;19.970000;6782.951900;115.949500;2230.900000;2230.900000;1.670000;1.646300;0.042500;120.230000;124.770000;1.080000;98.450000;3.140000;158.751600;-136631021.500000;85832163.610000;-526819170.000000;1152.834400;812.811400;70434402223717.000000;121.485900;66.445500;118.150000;2852.460000
1/04/18;105.459500;108.222300;15.930000;6821.417500;116.252900;2151.000000;2151.000000;1.690000;1.705100;0.042500;116.300000;128.570000;3.050000;98.910000;3.130000;181.885400;-191117916.900000;104101154.700000;-499164752.200000;1006.732900;1157.257900;70604877475487.000000;121.813000;71.627600;120.650000;2765.960000
1/05/18;105.747700;107.363900;15.430000;6853.134100;116.798800;2086.600000;2086.500000;1.700000;1.769200;0.042500;118.410000;138.090000;7.400000;99.160000;3.160000;159.780300;-232346571.500000;118335774.800000;-481578541.400000;1175.505800;856.928900;70785249604201.000000;122.078100;76.647000;123.700000;2862.950000
1/06/18;105.973800;108.170700;16.090000;6878.101400;117.339800;2052.700000;2052.600000;1.910000;1.890000;0.042500;118.800000;138.220000;0.220000;99.310000;3.200000;155.391900;-260316985.200000;128536023.900000;-474060537.500000;1142.488600;901.043600;70975518609859.000000;122.551900;75.191400;111.500000;2893.220000
1/07/18;106.102900;108.652000;12.830000;6896.319600;117.614100;2014.600000;2014.400000;1.910000;1.918700;0.042500;118.810000;137.100000;0.030000;99.180000;3.120000;165.920400;-275029158.100000;134701902.000000;-476610740.500000;1090.660500;945.137000;71175684492461.000000;123.289100;74.437700;109.900000;2885.550000
1/08/18;106.281400;109.524600;12.860000;6914.315200;117.979700;1976.100000;1975.800000;1.910000;2.010700;0.042500;118.730000;135.720000;0.340000;99.300000;3.100000;171.006000;-276483090.100000;136833409.200000;-489229150.400000;1092.868100;982.009400;71385747252007.000000;124.120000;73.128700;98.100000;2959.570000
1/09/18;106.431600;109.674900;12.120000;6932.088200;118.241500;1938.000000;1937.700000;2.180000;2.165400;0.042500;121.120000;146.710000;8.100000;99.470000;3.230000;173.207100;-264678781.300000;134930545.400000;-511915767.300000;1001.168700;894.245300;71605706888497.000000;124.453400;78.860000;102.450000;3037.800000
1/10/18;106.649300;109.916500;21.230000;6949.638500;118.298800;1895.800000;1895.600000;2.200000;2.299500;0.042500;123.810000;152.630000;4.030000;99.590000;3.330000;169.430100;-239616231.600000;128993310.700000;-544670591.000000;1291.515200;880.845400;71835563401931.000000;124.816700;80.470400;112.700000;3080.480000
1/11/18;106.600800;110.506700;18.070000;6969.260400;118.381900;1840.800000;1840.700000;2.200000;2.403000;0.042500;128.220000;135.390000;0.750000;99.700000;3.270000;171.962400;-201295441.000000;119021704.900000;-587493621.700000;1126.574000;814.880700;72075316792310.000000;125.416900;65.173600;103.250000;3198.130000
1/12/18;106.597000;110.551600;25.420000;6990.954100;119.265300;1759.900000;1759.800000;2.400000;2.530900;0.042500;127.570000;126.640000;1.430000;100.000000;3.180000;158.948900;-149716409.600000;105015728.200000;-640384859.300000;1140.263200;884.128400;72324967059632.000000;126.705100;56.463800;101.850000;3212.480000
1/01/19;106.553500;110.118500;16.570000;7014.719500;119.954200;1707.300000;1707.200000;2.400000;2.494000;0.042500;126.160000;126.140000;1.520000;100.600000;3.150000;146.845800;-84879137.310000;86975380.560000;-703344303.800000;1162.730000;956.090000;72584514203898.000000;127.384600;59.272600;105.900000;3161.910000
1/02/19;106.819800;109.563100;14.780000;7038.448500;120.201000;1713.700000;1713.700000;2.400000;2.455400;0.042500;123.980000;132.570000;5.090000;101.180000;3.010000;157.744700;-25444971.050000;70438395.200000;-761057127.900000;990.220000;941.580000;72822432419475.000000;127.435100;64.134000;95.200000;3115.150000
1/03/19;107.205400;109.681100;13.710000;7062.141100;120.595800;1725.900000;1725.900000;2.430000;2.403500;0.042500;124.650000;134.850000;2.300000;101.620000;3.210000;163.445800;28586089.180000;55404772.150000;-813523331.600000;1124.330000;1195.990000;73038721706364.000000;128.638000;66.411000;94.500000;3125.340000
1/04/19;107.563200;108.988800;13.120000;7085.797400;120.985500;1623.900000;1623.900000;2.450000;2.408700;0.042500;125.830000;144.570000;7.200000;102.120000;3.250000;179.283800;77214043.390000;41874511.400000;-860742915.000000;1139.550000;1384.120000;73233382064563.000000;130.234900;71.196800;91.850000;3155.220000
1/05/19;107.657700;109.226400;18.710000;7109.832700;121.780000;1576.300000;1576.300000;2.400000;2.414500;0.042500;130.810000;150.130000;3.850000;102.440000;3.310000;165.201800;120438891.600000;29847612.960000;-902715878.000000;1170.610000;1142.870000;73406413494074.000000;131.319400;70.526500;104.600000;3310.490000
1/06/19;107.756800;109.277400;15.080000;7134.246900;122.846200;1601.300000;1601.200000;2.400000;2.185700;0.042500;128.790000;138.560000;1.650000;102.710000;3.430000;153.898700;158260633.700000;19324076.820000;-939442220.600000;948.390000;1057.320000;73557815994896.000000;132.127600;63.296000;108.250000;3256.020000
1/07/19;108.045800;109.085200;16.120000;7159.040200;123.506800;1578.600000;1578.500000;2.400000;2.172000;0.042500;127.630000;139.630000;0.860000;102.940000;3.790000;172.091400;190679269.900000;10303902.990000;-970921942.900000;1162.940000;948.130000;73687589567029.000000;133.028000;64.000000;99.650000;3208.110000
1/08/19;108.133200;109.854300;18.980000;7181.039600;124.098500;1586.800000;1586.700000;2.130000;2.020500;0.042500;133.100000;141.210000;1.140000;103.030000;3.750000;171.528900;217694800.000000;2787091.459000;-997155044.800000;1251.620000;950.610000;73795734210473.000000;134.080200;59.247300;93.600000;3412.650000
1/09/19;108.259300;109.472500;16.240000;7200.245200;124.843100;1504.800000;1504.700000;1.900000;1.958400;0.042500;131.490000;145.110000;2.760000;103.260000;3.820000;173.909100;239307224.100000;-3226357.763000;-1018141526.000000;1070.060000;893.240000;73882249925229.000000;135.629600;62.330000;101.150000;3399.620000
1/10/19;108.527700;109.027000;13.220000;7216.656900;125.898500;1547.100000;1547.100000;1.580000;1.655500;0.042500;134.270000;140.080000;0.700000;103.430000;3.860000;173.187700;255516542.100000;-7736444.679000;-1033881387.000000;1103.920000;968.720000;73947136711295.000000;136.671800;59.370000;101.950000;3437.730000
1/11/19;108.778700;110.038800;12.620000;7245.115600;126.740300;1595.200000;1595.200000;1.560000;1.638600;0.042500;133.570000;143.710000;2.590000;103.540000;3.840000;168.501500;266322754.200000;-10743169.290000;-1044374628.000000;1211.930000;857.220000;73990394568673.000000;137.479200;62.744300;118.550000;3411.420000
1/12/19;109.040300;109.652700;13.780000;7285.621500;127.204800;1698.300000;1698.300000;1.550000;1.608800;0.042500;132.540000;145.820000;1.470000;103.800000;3.800000;164.173900;271725860.200000;-12246531.600000;-1049621249.000000;1038.980000;969.770000;74012023497362.000000;137.902000;65.854500;129.700000;3383.000000